{"picture": {"intrinsics": [[2985.29, 0.0, 512.0], [0.0, 2985.29, 512.0], [0.0, 0.0, 1.0]], "pose": [[0.9999058842658997, -0.013635136187076569, 0.0015001114225015044, -0.005936730653047562], [-0.012858939357101917, -0.9697869420051575, -0.24361424148082733, 0.6783276796340942], [0.004776502028107643, 0.24357204139232635, -0.9698710441589355, 2.805255651473999], [0.0, 0.0, 0.0, 1.0]]}}